"Utc","VideoCacheAllocatedKB","AppReceivedBytes","JavaHeapPssKB","NativeHeapPssKB","TotalPssKB"
"2026-10-06T09:56:05.0561660Z","246376","293270620","53916","54100","294649"
"2026-10-06T09:57:09.6089051Z","257928","322584061","60520","60712","307010"
"2026-10-06T09:58:12.3958586Z","260740","352284036","48020","57152","284360"
"2026-10-06T09:59:13.0915560Z","261796","374045380","49876","63152","292732"
"2026-10-06T10:00:13.7312994Z","261796","401735503","55312","60596","298699"
"2026-10-06T10:01:17.3778081Z","261796","430019221","47208","57364","287714"
"2026-10-06T10:02:19.2478772Z","261796","457148496","48576","62672","294720"
"2026-10-06T10:03:22.1956119Z","257516","482230206","62364","59708","304091"
"2026-10-06T10:04:24.7004281Z","256560","508810349","62700","66768","311254"
"2026-10-06T10:05:25.3441012Z","261796","532015352","56604","62244","303067"
"2026-10-06T10:06:26.2908956Z","261796","560310736","48160","67712","300689"
"2026-10-06T10:07:27.3853599Z","261796","580637627","51080","65548","300579"
"2026-10-06T10:08:28.3222761Z","261796","607454497","60844","63588","306719"
"2026-10-06T10:09:29.1552849Z","261796","635685925","50696","67964","301207"
"2026-10-06T10:10:29.6789228Z","262224","664754809","66288","67044","315720"
"2026-10-06T10:11:30.2383285Z","262224","693116317","57892","72872","313266"
"2026-10-06T10:12:30.8069440Z","261796","721621468","50272","71340","304198"
"2026-10-06T10:13:31.3143916Z","261796","742728483","66968","75212","325245"
"2026-10-06T10:14:31.7926884Z","261796","770894924","51536","69628","307259"
"2026-10-06T10:15:32.3820672Z","261796","799330309","51420","66744","304970"
"2026-10-06T10:16:34.1672780Z","261796","820753886","55644","70444","312523"
"2026-10-06T10:17:35.7793949Z","261796","820760345","57964","71028","314774"
"2026-10-06T10:18:37.3441840Z","261796","820761395","58320","70856","314601"
"2026-10-06T10:19:38.2563190Z","261796","820763402","57708","70692","313461"
