"Utc","Label","ElapsedSeconds","SocketChannels","RegisteredTopics","Connected","Subscribers","Statuses","JavaHeapPssKB","TotalPssKB"
"2026-10-06T10:40:23.2319349Z","r6_baseline","7.8","2","2","True","1;1","SUBSCRIBED;SUBSCRIBED","64076","325647"
"2026-10-06T10:41:30.0635700Z","r6_group_1","74.6","4","3","True","1;1;1","SUBSCRIBED;SUBSCRIBED;SUBSCRIBED","68156","334772"
"2026-10-06T10:41:38.4969818Z","r6_closed_1","83.1","2","2","True","1;1","SUBSCRIBED;SUBSCRIBED","61476","325087"
"2026-10-06T10:42:45.3780727Z","r6_group_2","150","4","3","True","1;1;1","SUBSCRIBED;SUBSCRIBED;SUBSCRIBED","68800","328195"
"2026-10-06T10:42:53.0420142Z","r6_closed_2","157.6","2","2","True","1;1","SUBSCRIBED;SUBSCRIBED","61668","321086"
"2026-10-06T10:44:01.0444233Z","r6_group_3","225.6","4","3","True","1;1;1","SUBSCRIBED;SUBSCRIBED;SUBSCRIBED","69944","331484"
"2026-10-06T10:44:08.9824733Z","r6_closed_3","233.6","2","2","True","1;1","SUBSCRIBED;SUBSCRIBED","60728","323767"
"2026-10-06T10:45:17.6816226Z","r6_group_4","302.3","4","3","True","1;1;1","SUBSCRIBED;SUBSCRIBED;SUBSCRIBED","69096","327365"
"2026-10-06T10:45:26.7391914Z","r6_closed_4","311.3","2","2","True","1;1","SUBSCRIBED;SUBSCRIBED","63032","321128"
"2026-10-06T10:46:33.2555849Z","r6_group_5","377.8","4","3","True","1;1;1","SUBSCRIBED;SUBSCRIBED;SUBSCRIBED","73636","333135"
"2026-10-06T10:46:41.7027489Z","r6_closed_5","386.3","2","2","True","1;1","SUBSCRIBED;SUBSCRIBED","61972","321504"
"2026-10-06T10:47:48.5252697Z","r6_group_6","453.1","4","3","True","1;1;1","SUBSCRIBED;SUBSCRIBED;SUBSCRIBED","72908","329301"
"2026-10-06T10:47:57.2738007Z","r6_closed_6","461.9","2","2","True","1;1","SUBSCRIBED;SUBSCRIBED","62528","318839"
"2026-10-06T10:49:08.1649618Z","r6_group_7","532.7","4","3","True","1;1;1","SUBSCRIBED;SUBSCRIBED;SUBSCRIBED","66072","323994"
"2026-10-06T10:49:16.4442124Z","r6_closed_7","541","2","2","True","1;1","SUBSCRIBED;SUBSCRIBED","62160","320489"
"2026-10-06T10:50:22.4149759Z","r6_group_8","607","4","3","True","1;1;1","SUBSCRIBED;SUBSCRIBED;SUBSCRIBED","68396","325520"
"2026-10-06T10:50:30.7881639Z","r6_closed_8","615.4","2","2","True","1;1","SUBSCRIBED;SUBSCRIBED","60548","317341"
"2026-10-06T10:51:38.5164602Z","r6_group_9","683.1","4","3","True","1;1;1","SUBSCRIBED;SUBSCRIBED;SUBSCRIBED","70868","329389"
"2026-10-06T10:51:46.5898980Z","r6_closed_9","691.2","2","2","True","1;1","SUBSCRIBED;SUBSCRIBED","62764","322064"
"2026-10-06T10:52:53.0411436Z","r6_group_10","757.6","4","3","True","1;1;1","SUBSCRIBED;SUBSCRIBED;SUBSCRIBED","54628","310978"
"2026-10-06T10:53:01.9585564Z","r6_closed_10","766.5","2","2","True","1;1","SUBSCRIBED;SUBSCRIBED","62992","319590"
